{
  "extends": ["config:base"],
  "includePaths": ["package.json"],
  "semanticCommits": true,
  "rangeStrategy": "bump",
  "rebaseLabel": "rebase",
  "rebaseWhen": "auto",
  "requiredStatusChecks": null,
  "packageRules": [
    {
      "updateTypes": ["minor", "patch", "pin", "digest"],
      "automerge": true,
      "automergeType": "branch"
    },
    {
      "depTypeList": ["devDependencies"],
      "automerge": true,
      "automergeType": "branch"
    },
    {
      "packagePatterns": ["eslint"],
      "groupName": "eslint"
    }
  ]
}
